Timesteps_trained,rewards_mean,rewards_std,rewards_max,rewards_min,rewards_median,rewards_25,rewards_75
100.0,-8.326088605477004,0.8636930556539916,-4.494729986971261,-10.687701676284137,-8.353374499386828,-8.972622633308731,-7.708225630135867
200.0,-6.696004558886448,4.19254052396896,-0.0014732716895668324,-16.272302932019343,-6.166052715395535,-9.693880150710577,-3.2379463557029258
300.0,-9.24379937075896,0.5343793595910419,-0.5440568599922332,-11.831305109461105,-9.33592561000606,-9.611624232191705,-8.967250175549035
400.0,-7.834206336631876,1.9993636159394756,-0.013630033707155608,-16.215199397118482,-8.200984479834183,-9.172354032413534,-6.995286168336458
500.0,-8.253906879932083,3.926705122435613,-0.451233162681129,-16.268221621994282,-7.831192449608651,-11.500567057791296,-4.523416234724131
600.0,-8.40822494402821,1.291100602019878,-0.6097379603650035,-15.615453671502971,-8.647409331397332,-9.368893194184198,-7.694167084148864
700.0,-8.343226421864768,3.891911544740492,-0.013450294447569395,-16.27093330282211,-7.9049245256118725,-11.57162443808844,-4.595758112286119
800.0,-8.455894429455238,0.949681330928286,-5.476433737312844,-10.57208786247633,-8.520309016438116,-9.262567580308374,-7.719791411950523
900.0,-9.417883922827555,0.502338088506967,-0.05384946305489495,-15.2174316959995,-9.503193614112302,-9.70779737721274,-9.232124776298155
1000.0,-8.600492727431,1.4956055847764715,-0.3027134293653994,-15.075505568292577,-8.894324046362186,-9.218396278312124,-8.54378607742404
1100.0,-9.024053064642946,0.6089023824937444,-1.0417398665773188,-12.77872281502582,-9.092951255915658,-9.47488428138021,-8.654300967808728
1200.0,-8.292807798487503,1.1040816528016377,-4.2325596932032,-11.115148357594565,-8.395944531716086,-9.195433842172548,-7.5208210232201065
1300.0,-7.670089213286241,0.8755106192715397,-1.2709547683906854,-12.470333790869073,-7.653095357366404,-8.227176114170916,-7.07866250524599
1400.0,-7.912300175664726,1.239816381413205,-0.7543621859318581,-13.019819225825046,-7.8233620594534905,-8.840151915010626,-6.905279987883383
1500.0,-8.969600532763067,0.6662999339141189,-3.036205628605963,-10.93695470985311,-9.057232933683558,-9.521465353743345,-8.514124335676183
1600.0,-7.5356601297500445,1.6330705855656746,-4.136280404854386,-10.239008251594305,-7.590528181917213,-9.120714247614568,-6.0121161644635555
1700.0,-7.4833251176423135,0.702341837485722,-5.012980880974726,-10.461870827092534,-7.476915141286755,-7.9646387121771385,-6.99576216038672
1800.0,-8.344217436026216,1.2714557534942417,-3.3973258157093693,-11.907858291967182,-8.537575601497032,-9.348272020805382,-7.513918034881513
1900.0,-9.119018096584846,0.7696472747338671,-0.39351298744985025,-16.241070875141148,-9.246152603443893,-9.592643151621544,-8.819069571661608
2000.0,-7.472873147543044,0.36274539155571084,-3.3286655048709157,-10.762166440301478,-7.4746518996903095,-7.6805914295922015,-7.262395590762949
2100.0,-9.42923948149983,0.3677870664978529,-3.9043588823861093,-10.207658685163278,-9.506189318537313,-9.709956728396595,-9.232420443586495
2200.0,-9.12633342897606,0.7168656896119739,-3.734362118381021,-10.525582581237446,-9.298600778123715,-9.61157953911625,-8.852332275994833
2300.0,-8.943836653009493,0.9668759950160618,-0.21538994469930023,-15.863562141372666,-9.103314609203458,-9.50367546800716,-8.616963056459662
2400.0,-7.593648879660487,0.2596927768507308,-6.7579280127798125,-8.938090361808834,-7.566256190871295,-7.752212884444583,-7.420811747987272
2500.0,-8.883287645652311,0.7162500126499539,-6.031833930727806,-10.532264492057536,-8.988120428386042,-9.466017496533496,-8.406285370973771
2600.0,-9.276392660374281,0.47593427861611154,-6.504373591710053,-10.207108344417112,-9.368786929622175,-9.65737175888487,-8.992536201508425
2700.0,-7.468465523689168,0.4637177284889442,-0.6066746303684663,-12.52195019783047,-7.471880174090403,-7.74922105485351,-7.188857612453829
2800.0,-8.103884095622787,0.2829556089016057,-7.2143285098850605,-9.853414786621487,-8.10647618786103,-8.29129731901336,-7.903700657338239
2900.0,-8.448707245630485,1.052076064814861,-2.250989071434111,-11.821839051821874,-8.612688885679368,-9.281155022075794,-7.818634727418548
3000.0,-8.339378811033173,0.6305437586157362,-0.25381037742163143,-11.9108319572973,-8.360096071815509,-8.737703190742213,-7.9684819781896365
3100.0,-7.465587498540204,1.6995179884662939,-0.07087288560163765,-15.12676732359316,-7.271594195127345,-8.831732716373384,-6.070425767842108
3200.0,-7.198007609545756,2.05630589337341,-1.7213432764244152,-11.496666091929335,-7.515658346188379,-8.993380821196457,-5.404938001834541
3300.0,-8.92097699512179,0.7788223854251097,-0.20032800716118576,-12.515818201850964,-9.046971447673737,-9.510099849900643,-8.482003388107628
3400.0,-8.314703192557179,3.9091418571220915,-0.3885469126339482,-16.26946674402809,-7.902507830543263,-11.55579324240588,-4.561802819230558
3500.0,-8.812981870177836,0.500892063695722,-1.343254125957752,-11.767227525005389,-8.797656973278754,-9.135287916484078,-8.493097957260822
3600.0,-8.386758341992895,0.6002818147965218,-5.3250438689472555,-10.430442169520035,-8.371124039314164,-8.779309737067585,-7.989159175022964
3700.0,-8.238864765471428,1.1547356493467926,-1.5309930398819003,-12.240664325177557,-8.348290440108823,-9.186065234592894,-7.421431968444681
3800.0,-8.321938996388576,3.9014422391463683,-0.37247655601394347,-16.27020780612286,-7.87595993359985,-11.536798137197398,-4.585728820481441
3900.0,-8.622516857985865,0.7525507925386731,-2.677904692706651,-12.400004203582265,-8.64526619259415,-9.203971428640308,-8.11084117182467
4000.0,-8.365426104618132,3.875774282302137,-0.8307726280050742,-16.272324874398993,-7.934245459202566,-11.595483981643047,-4.641972112871861
4100.0,-8.51591874242489,0.8722411358703249,-2.9630165496672807,-11.751060903976736,-8.523523637710634,-9.131829497733728,-8.028564309832994
4200.0,-8.878576277910694,0.7971205558307453,-5.225041806296891,-10.48229862947614,-9.039510975680258,-9.514939737925257,-8.3757916201405
4300.0,-7.466910742227509,0.3441978275355884,-4.681617401383151,-10.224465437876319,-7.463643075811211,-7.610436713011484,-7.313549278085265
4400.0,-7.747025714908805,0.4782958482749301,-2.598326468734613,-10.688934789832192,-7.735026735743301,-8.035874060130254,-7.44931468726949
4500.0,-7.479877547587902,0.6740381681391321,-0.49248085376367895,-14.474912859926471,-7.51938288466104,-7.768426207023499,-7.260002441376542
4600.0,-7.42752933638378,2.1352096159542056,-0.38335131287944013,-15.509170005825174,-7.6681022068861395,-9.063198134069493,-6.0579140295827525
4700.0,-8.502980750004923,0.511099387012448,-0.1574951674555403,-12.58419481571963,-8.51079292855536,-8.794274777403194,-8.212421425188337
4800.0,-7.559952961664136,1.3467813186926076,-2.2263290297098592,-12.10750799104152,-7.586603587430263,-8.612151326582737,-6.55662963886913
4900.0,-6.7924151585298675,2.5125606966300826,-0.029128349866919975,-15.467191779792042,-6.334639554539968,-8.814106594221228,-4.6988922164862394
5000.0,-8.517980589289285,0.7200508832587178,-0.835843239533226,-12.80020031467301,-8.533607659943264,-8.997382781615713,-8.084238724963232
5100.0,-8.385927585281463,3.8667208112183795,-0.3535374047415943,-16.272757816861482,-7.956330700182331,-11.580038898801963,-4.673646922641224
5200.0,-7.46861919532826,0.6697176022647005,-0.0849653096600792,-14.275034056361376,-7.4759025203584715,-7.831108854963449,-7.153645260699937
5300.0,-7.909996809532889,1.2040529816332155,-0.060516173935141214,-13.049811642511953,-7.982758842208096,-8.897022789539086,-7.031141148794553
5400.0,-6.6083707173772215,2.6876327834692137,-0.04479490595304624,-15.007487188106003,-6.467330075110235,-8.618298455632695,-4.355295005138261
5500.0,-7.583186507210913,0.7815361980814958,-2.541468826082889,-10.74987535670291,-7.572927438457808,-8.096422526922591,-7.072562572599989
5600.0,-5.528521739321099,4.089156792915978,-0.004670137423540714,-16.268383733517492,-4.833025986087906,-8.433075319027125,-1.9580561767615998
5700.0,-8.388584133759375,3.8643712482947827,-0.014518064088569482,-16.271252024711067,-7.941316519783423,-11.572791679980657,-4.657390961122903
5800.0,-7.78933953449383,1.5601487662304325,-1.3395089644275653,-13.094046518832052,-7.969881765595323,-9.019885185493429,-6.724327723882103
5900.0,-7.489502036133851,1.6499934778295755,-3.24476145013715,-10.914389816436731,-7.657146791149355,-8.866402138888304,-6.261906802962185
6000.0,-8.185843506022238,1.303469274798719,-1.6478949114616108,-12.03976034407622,-8.256304137031481,-9.190940955251742,-7.380417738064409
6100.0,-7.5992483966850966,0.42750724985472843,-6.303681193660299,-9.920227856561896,-7.577633816005286,-7.858322916333555,-7.3137486576965784
6200.0,-8.084446448839596,1.2256461148461897,-2.8363549551587766,-12.705432830462918,-8.185970317913032,-8.955250207457057,-7.385071208621504
6300.0,-8.116694083291756,4.016999838389645,-0.14007954295331393,-16.272392123597243,-7.62205102064217,-11.43656429957613,-4.359821770808623
6400.0,-6.799952448951405,2.2924549216118595,-1.1327231223695935,-12.326947596545358,-6.957841450629278,-8.52425940775086,-5.1591567707965424
6500.0,-8.87309526520726,0.8010628870846112,-0.26805973344712075,-14.063172403699385,-8.983308474791023,-9.47392501070877,-8.398919505756176
6600.0,-9.438865828044625,0.46250260296349327,-0.4183244985402151,-11.726057382742013,-9.513804692804724,-9.714419300137457,-9.255746087320324
6700.0,-8.464150932215695,1.5108098586227816,-0.16176947590131918,-14.176710417600733,-8.91156059045784,-9.342223292590408,-8.352153754968999
6800.0,-8.241251709337801,1.285569296588812,-4.586255191339314,-10.332554211437655,-8.583926703686622,-9.345770577098305,-7.194165079373835
6900.0,-9.506839389883563,0.2690061996013745,-7.445792036449443,-10.028318078715886,-9.555833085618893,-9.721221104021538,-9.339445649478119
7000.0,-7.543605416850886,0.28804100325100096,-5.735483226947877,-9.310476518229946,-7.519787948506256,-7.716168401938292,-7.355440581709161
7100.0,-6.874668377138485,2.251612052211322,-0.029440758675465254,-14.574442866665606,-7.121198760160944,-8.74471396201004,-4.915446007656018
7200.0,-8.76129142484924,0.9400729260173396,-0.010006254290305362,-14.750080209622483,-8.840868917244418,-9.412146758749552,-8.268011618593256
7300.0,-8.393237179040558,3.86142205026786,-0.04749928356541655,-16.27334566424395,-7.972171318736788,-11.59097226658081,-4.683694257170313
7400.0,-7.847278548722241,1.5689192351352665,-1.3821902972126525,-12.047149306271622,-8.091031458901778,-9.131736425119662,-6.79425139899865
7500.0,-7.62446976116446,0.3779791240729725,-0.9858261074776132,-12.119791427448805,-7.604096705185632,-7.822111918100425,-7.4050645756986215
7600.0,-8.239891926648424,0.9832666461667284,-2.3654322486972688,-12.181611740647293,-8.348150646477697,-8.92175431357809,-7.693757612981488
7700.0,-8.41209046435801,0.8137542654355121,-0.7089605371891198,-13.536292594353075,-8.421197831925726,-9.002615945532899,-7.877564160244819
7800.0,-7.170436987238476,1.7003368834581538,-0.7602668538905714,-12.322421617736168,-6.890433523166064,-8.492635348437611,-5.80520856504474
7900.0,-7.839489101284315,1.3295132187570224,-4.400683172989701,-10.577255255155857,-7.9354825988100615,-8.950295131691693,-6.853448726903328
8000.0,-7.92862852466638,3.9183809192577366,-0.14073508901039902,-16.271550747933272,-7.419633740748748,-10.945508748854177,-4.418425202218156
8100.0,-7.125824203737792,2.441399585475668,-0.3791473831885606,-15.448351800339589,-7.255930283942631,-9.021712338748227,-5.315576468193624
8200.0,-7.57569333641852,1.4124889743448874,-2.4167447453396242,-11.536470990168104,-7.714586385242623,-8.486556732993328,-6.813840842967901
8300.0,-6.634382645381022,2.35106349829841,-2.7045783921756668,-12.576481716182077,-6.077374245891331,-8.526978180132629,-4.595094773719035
8400.0,-7.8298839743948365,1.0212403402984411,-4.524229098463165,-10.415528116251647,-7.786140006144851,-8.582694832341815,-7.0824640762186135
8500.0,-7.652181979154861,1.0348634653449886,-4.011398236971443,-10.500333597286645,-7.628160460359698,-8.395833852223603,-6.933780967405993
8600.0,-7.993734224991887,0.6328397667794234,-6.2536704715492295,-10.096715860052292,-7.930594187057672,-8.399952095161574,-7.545948763142073
8700.0,-8.515644932497223,0.795447170866577,-2.3353215530640994,-12.253414845627539,-8.493221862773549,-9.146634218360475,-7.9282670057525095
8800.0,-8.855015244248804,0.6239773405309026,-0.7946707844267433,-12.062321555180125,-8.891246324142983,-9.302613065914539,-8.469732161438252
8900.0,-7.303081542690617,1.7547038494051626,-1.7108568638282982,-11.68774698169622,-7.47915822896303,-8.711742153353713,-6.137260970002277
9000.0,-9.083927733971839,0.6786476481510076,-0.07682264258250797,-13.412880567834264,-9.19339960477927,-9.54358526524051,-8.769636587096809
9100.0,-8.228851147999677,0.4427520763636197,-2.054488478261305,-11.098354488754342,-8.223129952633457,-8.507650367798998,-7.941952122397606
9200.0,-7.464584336700558,1.648929999479879,-2.9997849635164813,-10.607117973922207,-7.650398108416272,-8.78632753683769,-6.296020231803823
9300.0,-6.592259287362979,2.7482560383471832,-0.1417447367127861,-16.023810787309596,-6.09784571055468,-8.818220871210155,-4.349052572117159
9400.0,-8.845864703718895,0.7862977300800503,-5.116949484541318,-10.342917032075219,-8.997497434705085,-9.490571341130536,-8.324866154965104
9500.0,-7.4819141322347855,0.6438460375966663,-1.95960284776372,-11.552847229259985,-7.483017101271233,-7.849169034219291,-7.1232287401342855
9600.0,-7.569470514298249,0.5212225399162509,-5.86375106579582,-9.885800544164717,-7.5226475341498205,-7.88154905868722,-7.208679166768551
9700.0,-8.729873734154854,0.9205320645873488,-0.36030011680646656,-12.545640886579882,-8.888964709402769,-9.444341946694927,-8.191061149478305
9800.0,-8.436928224747852,3.835153052481791,-0.4602906403066211,-16.270025982177987,-7.9817158672322535,-11.632148502190843,-4.7447292239879975
9900.0,-8.289181088971663,3.9163608836777946,-0.6384407824404907,-16.27141999373276,-7.882442172292472,-11.522208390499193,-4.548719648780493
10000.0,-7.595988980412099,1.1013278066027388,-3.2806491388346206,-10.349578926950274,-7.598208186238288,-8.385625594282336,-6.829019843657685
10100.0,-8.595734804049364,1.2908271184771452,-1.1515730269327724,-11.630755310244075,-9.102382416274118,-9.559406644993468,-7.911528013491959
10200.0,-7.007045249189912,1.9951310839515157,-1.271112665243351,-12.002914617174282,-6.7886971888242655,-8.598966503196376,-5.413568568689397
10300.0,-8.279918535562956,1.201567627005637,-4.442727349678368,-11.681012979776002,-8.396966707949183,-9.232046603581425,-7.41827952422896
10400.0,-8.631615848129652,0.7581005555748076,-5.6301494530357505,-10.01542470038997,-8.703894189054605,-9.216155356573262,-8.124086713411023
10500.0,-7.647640179865405,1.159396097501325,-0.3846091595146368,-12.14596610228907,-7.638608755782803,-8.497099657444815,-6.838036889231688
10600.0,-9.138946648913194,0.4955180847177491,-4.1851745512381,-10.151148345699733,-9.19172045752098,-9.544810386810852,-8.80340260632351
10700.0,-8.364475444853081,1.2009774862229177,-1.6291048324115547,-12.681860799932897,-8.567714350687831,-9.334560160881011,-7.5414072692696745
10800.0,-8.460805310912471,1.0999210267428299,-2.011020871853803,-12.382739583040879,-8.637193329022963,-9.325922384124212,-7.803375617051417
10900.0,-7.467606138234095,0.6804858780962377,-0.25486638582898513,-12.342643528587889,-7.476436962593673,-7.779585135466364,-7.1672107182132905
11000.0,-8.040911407196015,0.9548174287916584,-5.723650328199855,-10.547629607194901,-8.017559032954825,-8.749561573457886,-7.331843328775966
11100.0,-8.890882160841567,0.8154529234391081,-0.006639863401173436,-14.409282498368087,-9.02580196512126,-9.472691999371218,-8.450587750752447
11200.0,-7.501906262155695,1.1461356369658482,-3.0638283935974653,-11.396753877978792,-7.477842412180387,-8.085354280250382,-6.931790462792155
11300.0,-8.262055428823263,0.5258940085443637,-2.9659244104268243,-11.375132202695276,-8.225136529818258,-8.581864276059322,-7.909661618446919
11400.0,-7.426022947324823,1.4042076036732851,-0.003133079854122864,-15.138891817835773,-7.495945634757749,-8.325552688449074,-6.658650897392585
11500.0,-7.819879962781776,1.0160285080629423,-1.2935253422141657,-13.386383360152674,-7.791815039113757,-8.53705850782453,-7.054011570819993
11600.0,-7.936585726801778,0.7097451536275273,-4.0043868090868395,-10.186741828302795,-7.924834697929776,-8.413786304111493,-7.449088990281668
11700.0,-6.7009253554860315,2.713854082265803,-1.1280637582499302,-13.263195612747735,-6.570852711833147,-8.921911297437905,-4.697612603565181
11800.0,-8.893137993832472,0.7710396782482243,-5.430268560828276,-10.717154527279229,-9.032830154172377,-9.50444003245548,-8.416117671949465
11900.0,-7.502752767690286,1.0142309657147583,-0.3238353074387537,-11.985046051786247,-7.509278002221089,-8.160483776375614,-6.879856747283731
12000.0,-8.284430106620382,2.2374764957806064,-0.026156233694657173,-15.399175847557009,-9.12379815031004,-9.5833851505756,-8.118441822427258
12100.0,-7.512867884252238,1.4785167714853655,-1.1974707710937138,-11.75555002991785,-7.518021042321699,-8.898515051654552,-6.151314806585021
12200.0,-7.470032590080503,0.24982140873179903,-5.253598997568228,-9.96487675826938,-7.464751387521738,-7.580442962817997,-7.345672393559505
12300.0,-7.651481671848597,1.608900024818121,-2.4310614153748227,-11.239434041372583,-7.685007055711779,-8.922088346895382,-6.700600007829909
12400.0,-8.894429052431358,0.6882777197809272,-6.001316435792349,-10.18766653901876,-8.981642327540893,-9.459298833167903,-8.449026075897418
12500.0,-8.2264989695735,1.4008581625072383,-0.63338731466472,-12.78994386526859,-8.44595545660235,-9.308204087569377,-7.325836248884759
12600.0,-8.630023356319768,0.3638176191872771,-6.782574834401291,-10.125167079160795,-8.623111025072589,-8.874138542982205,-8.37851168694548
12700.0,-7.279193706971992,1.4661766052308636,-0.19720135158377913,-14.744387745884799,-7.516402562981709,-7.752885156710989,-7.28011945603192
12800.0,-7.5780482555507245,0.9100471031745324,-1.779462546649545,-12.214264795233062,-7.6349216658989185,-8.124480116247412,-7.104916289521946
12900.0,-8.357857815109503,1.105403060670562,-1.8890683945225701,-13.253150585416806,-8.519931419582843,-9.173146776321419,-7.743674714424276
13000.0,-7.789784307968241,0.6403229103926067,-3.1207123528186314,-10.964394827451441,-7.784132628542175,-8.195847964435,-7.368111887743164
13100.0,-8.985475065722552,0.6300878424915027,-0.0889612682293058,-13.504104725731706,-9.009131711021967,-9.42792465448105,-8.615885854085093
13200.0,-7.608624185732683,1.593052875790965,-0.08075770656652535,-14.225377216639016,-7.360863201843378,-8.897526346855814,-6.306747026576736
13300.0,-8.196624293831935,3.7785853773590543,-0.13374898426137682,-16.27297750972014,-7.80364653139581,-11.067311719475583,-4.69768671059587
13400.0,-7.254014935956108,2.0286011823997137,-2.323318721073286,-12.640446368485387,-7.535118284362105,-8.900392710820707,-5.433641186791753
13500.0,-7.329317319776256,1.9027081191101327,-1.6429585480417361,-11.630778061365906,-7.4706005260540245,-8.792661119092886,-6.261117386627673
13600.0,-7.877040162068911,0.991732015520395,-2.0194468334903215,-11.247201362297348,-7.890000245685378,-8.596205136087372,-7.219497163181855
13700.0,-7.375876328794635,2.313475992063495,-1.2405993595150242,-13.161295974522652,-7.888664250634372,-9.227027794190688,-5.64612727902165
13800.0,-8.188644571623986,3.9762971265137232,-0.13019269266573574,-16.269431833289982,-7.731397595994072,-11.439455469093431,-4.432155655672721
13900.0,-9.30317269553351,0.40617130137761953,-3.47900107292582,-10.687217085699933,-9.353554840424941,-9.617240674390587,-9.044281753474408
14000.0,-7.41455696944093,1.899487212563832,-3.568455998706055,-10.492520653591058,-7.717671578670291,-9.260381328221968,-5.530315704984536
14100.0,-5.931755302260644,2.9690093858682864,-1.4906288965185326,-14.336811482325807,-5.217992709015652,-8.083274062803287,-3.3387164222296
14200.0,-8.430492888214456,0.5823556575039602,-0.09159053037854573,-16.249972336735603,-8.45293373978225,-8.614100880626735,-8.301000623272657
14300.0,-8.822398646376552,1.131167813390469,-0.4582172853997703,-16.246322417534497,-9.024251338825078,-9.505842520718286,-8.435471951843695
14400.0,-7.020754841732108,2.6150246065235563,-0.20835131614836777,-14.484997071550909,-6.80062024703027,-9.113214923694331,-4.803850085673422
14500.0,-7.496344765931956,0.8185225810297012,-0.24037504420336459,-12.269450995474221,-7.498550564192749,-7.976679754216645,-7.00443194717817
14600.0,-7.367081086353533,1.4275584724786163,-1.2832351136653135,-11.819495897228043,-7.451378079892727,-8.315432515137632,-6.61209833459236
14700.0,-9.246697787284251,0.648041674881868,-0.0009015534555790424,-13.520908381422164,-9.323429905326414,-9.587299418416304,-9.01770232201575
14800.0,-8.37575007877943,1.1567826522779787,-0.012497502990794575,-13.509823932338378,-8.557457405633018,-9.281246620736283,-7.658039364264698
14900.0,-7.7260646924550525,0.557940043633393,-0.003051771015542894,-12.548377323476528,-7.735016912578082,-7.9954376948087456,-7.481927988502093
15000.0,-7.693012417258528,2.5806943938091873,-0.0048597448610692715,-15.272602703174577,-8.449489532205613,-9.37917735082811,-6.718659278463984
15100.0,-7.471956681962117,0.38682805276355203,-4.537739491338508,-11.154577961601829,-7.466870015238707,-7.72262748988652,-7.21246312073029
15200.0,-8.301714404725999,3.9200607096168736,-0.21283423847706973,-16.272635388452347,-7.865084407521415,-11.547475943006434,-4.5456330468401465
15300.0,-7.483087914696976,0.5423306101465909,-4.305372946759355,-10.178496318219208,-7.47595654774344,-7.811489462379831,-7.145843773806567
15400.0,-7.481260094501711,0.7417671404212137,-1.8754850445903088,-11.455720450153548,-7.513582447048257,-8.018677059121284,-6.951903988182821
15500.0,-8.149149066931576,0.41505650776535935,-5.603750378120773,-10.218769013442865,-8.141926387007189,-8.406870367149434,-7.870954357362121
15600.0,-6.060226319933476,3.0917758298110463,-0.9544399456042185,-14.00726674656355,-5.424965220470506,-8.543503943104888,-3.5090725733698207
15700.0,-7.801585160895673,1.3362809905331146,-0.024760163089953352,-12.853498852836376,-7.782374211174026,-8.696156646159835,-7.1794931999231775
15800.0,-8.845410519689286,0.7035432847467596,-6.9255635862043174,-10.049726444028952,-8.906736788730264,-9.495699404110152,-8.231822982070764
15900.0,-7.519802359982895,0.8830687363668055,-0.7100034532231565,-12.315381183912326,-7.519570059758763,-7.994574792546445,-7.06104518476272
16000.0,-7.467033730955899,0.7794406798783085,-0.003003091560082853,-14.722148342255947,-7.50229652027237,-7.8920144478467975,-7.082976805643732
16100.0,-8.116544103259704,1.2742871034436658,-3.459510133138694,-11.062682797669348,-8.287680201270465,-9.139582640479883,-7.263660231680639
16200.0,-8.007883134923286,1.323006905672708,-0.6529759152207356,-12.587250349779458,-8.15303836510615,-9.033838418419403,-7.141643082178224
16300.0,-7.455956370958491,0.6186438076431059,-0.16885197391550547,-13.323380368175991,-7.461105770348962,-7.778932414214075,-7.143425618865788
16400.0,-8.194351157915417,3.9751477950678256,-0.4680946662296398,-16.272164576107574,-7.735966936567669,-11.459685901041361,-4.433751271569488
16500.0,-8.294429699929614,1.3206576741431995,-3.186211684999531,-12.00136704142608,-8.530358814763849,-9.31698953076571,-7.483351476296192
16600.0,-7.547952953604432,0.6938933837630487,-0.3196628986442255,-13.566539066038073,-7.5316252128001615,-7.968009088205615,-7.08476314510978
16700.0,-8.309832434707419,1.0689965541558235,-3.3519207986581425,-11.262884060708819,-8.416876652996688,-9.149369896560458,-7.640582035215878
16800.0,-7.515173478956081,1.0147116688834137,-2.4325318684496864,-11.504570568765056,-7.51609634559224,-8.306559948905036,-6.742254078389387
16900.0,-8.33006973508308,1.1918910519931811,-3.7719839073764154,-11.701833495566849,-8.499481329692477,-9.310281478801066,-7.492217833933405
17000.0,-7.598525707477267,0.858839739740513,-0.1292512913725016,-13.495523689647548,-7.573303787628188,-8.165959584190142,-7.038817950623697
17100.0,-7.44936641173603,0.5670556721282354,-0.5525767514200892,-14.036525787765115,-7.461076663942989,-7.686706641821746,-7.233071743218719
17200.0,-8.154102947007436,1.5868546045772212,-0.2622460924180363,-15.919675542093517,-8.405858790142016,-9.274873952927141,-7.334742201995679
17300.0,-7.534749376961331,1.5569570110621638,-1.8993591027816903,-11.57101163315075,-7.547976159744545,-9.070774722257763,-6.024123679183162
17400.0,-8.263556915946722,1.2370926018556025,-1.5160427530494116,-13.616877078787544,-8.387313318488633,-9.220493717255398,-7.476739247409562
17500.0,-7.956383231619022,0.5829308286645575,-1.7709599790270452,-12.187332530144083,-7.922891022787056,-8.319012478230194,-7.565663828992955
17600.0,-7.540014161857599,0.7683971777297276,-2.4884528263076184,-10.938075796158035,-7.54222796655076,-8.005340186023822,-7.073543762813242
17700.0,-6.011151041765821,2.892945286547933,-0.23379393393018458,-13.743699416113193,-5.4101787716792336,-8.29942048362346,-3.625344832064176
17800.0,-7.460531043479563,0.5109250919845103,-2.477202518095233,-11.902934494807589,-7.459558207738034,-7.7420256131436815,-7.194951139358239
17900.0,-8.454905562844989,0.5507149033375046,-0.0811122068367385,-12.822049790164332,-8.47874677698184,-8.722233706639454,-8.219650324871907
18000.0,-8.295321959708081,1.0398876172359661,-2.2639681388734196,-11.626718194831453,-8.39290149496545,-9.127773189927556,-7.542240695952232
18100.0,-7.787068822364011,1.0307846612674612,-4.498603119323157,-10.294359489470178,-7.7710710364411195,-8.534135949909011,-7.043909691575234
18200.0,-7.675150961687774,1.4257694254666073,-0.3669442529009021,-15.34709841206992,-7.868524461411486,-8.385221280857353,-7.307821167668624
18300.0,-8.292339186681398,3.9213629477315246,-1.2964669792273065,-16.272253294671312,-7.855157940165379,-11.547374011095444,-4.5310023442471685
18400.0,-8.427927889641774,1.0742549793955025,-3.4522308060534233,-10.648179323558939,-8.58526984396717,-9.289426501638234,-7.746619896282578
18500.0,-8.21209987605015,0.7062244502813193,-0.5651586752955993,-12.94854713819931,-8.22089808445713,-8.65048059812106,-7.766452048894163
18600.0,-7.244272622394038,2.1913989356053234,-0.657611714511405,-13.266951723297712,-7.496414478529083,-8.999014462746048,-5.726525161653758
18700.0,-7.711383867320881,1.1540429094123206,-3.9768001808883797,-10.31125334769104,-7.80487826045783,-8.47224425364325,-7.090543326071355
18800.0,-7.798165803129354,0.7242086227019583,-0.015171821918903827,-16.272014409242306,-7.804520656273027,-8.159877103109785,-7.448629277661963
18900.0,-8.400920135269274,1.2292108717404877,-0.02013716671230437,-16.154364513273887,-8.61118399088815,-9.302067690178102,-7.7371067451045485
19000.0,-9.039868196579794,0.7606444798162596,-0.3087563094640488,-13.36290386149632,-9.21754319867473,-9.573148578852615,-8.708969864141999
19100.0,-8.038070477776152,0.5464896192694925,-3.2757321200430156,-10.947452585095302,-8.027643295190352,-8.365181047551962,-7.693511307503657
19200.0,-8.381874155538716,1.1055376568992774,-3.980336532950911,-10.757583243660727,-8.501006377442556,-9.311577218438464,-7.591788255191389
19300.0,-9.066203876699312,0.6381443715189469,-5.72828399522571,-10.133355617809412,-9.20875579003922,-9.569706187764666,-8.681642823856691
19400.0,-8.170557078143034,3.8984019128546,-0.29779642692286223,-16.27025105622161,-7.85141867405086,-11.227315565617713,-4.505508995417653
19500.0,-8.743689589233528,0.8414273599878737,-3.2255621401630865,-11.201640363773679,-8.861152159194969,-9.448982761450445,-8.127702409924147
19600.0,-7.464491835946284,0.31068792376124293,-5.6572961180642976,-9.665475523392839,-7.461318155633299,-7.644483987742433,-7.27454627562768
19700.0,-8.21171534220919,0.6248537568101793,-0.14615093935538367,-15.283689038419759,-8.197277579281408,-8.47123279887878,-7.9492616536360625
19800.0,-7.13356580093885,2.1023414136179945,-1.5454243476102894,-11.772119803116219,-7.543521332309497,-8.981666426839025,-5.103100313646179
19900.0,-6.496210904563702,2.6258099063808524,-1.0495730428382248,-14.21707433226001,-5.889141887756317,-8.625039935960112,-4.263466588048624
20000.0,-9.075398065143453,0.4627229813973899,-3.293201586800558,-12.312422210934152,-9.097170962319893,-9.375747024763287,-8.808619893112548
20100.0,-9.261702746953478,0.8301099584898735,-0.0036930674271361025,-13.101633669540268,-9.40813095957736,-9.657158277078107,-9.051265650947208
20200.0,-7.606623374851378,0.30126455429431553,-3.8003438361458715,-10.135003775617095,-7.5751500871715445,-7.772336422714029,-7.413683412588097
20300.0,-7.973508746450484,0.7334296478711898,-2.0003516344256536,-11.780630799770494,-7.91905233356014,-8.4647281835125,-7.470130864023562
20400.0,-8.687468658411655,0.4325370261031193,-6.651626253024549,-10.037202875121814,-8.702613383027854,-8.980598845271194,-8.39314363683258
20500.0,-8.710471295027148,0.9902504840327128,-0.09350847112602914,-13.988619473918078,-8.858225268514454,-9.244609962185248,-8.409875273914333
20600.0,-7.493567396048772,0.44662183655616355,-0.13793948081128585,-13.764588859667017,-7.504186566372059,-7.7050346711318305,-7.293027131197915
20700.0,-7.766866846455404,0.5926423536213129,-4.614194291995542,-10.035919525182454,-7.7620633996118915,-8.140711995798583,-7.360637252914406
20800.0,-9.134000038813168,0.5989030531735458,-2.7739624222383807,-11.9823411052811,-9.238253761420827,-9.577129452558946,-8.80814523869071
20900.0,-7.959048780250986,1.4479102629723222,-2.533801293654292,-11.396935226364002,-8.150393849689594,-9.142416460810797,-6.960645995502081
21000.0,-8.1241487251255,0.9682756338684063,-1.3602510806386745,-12.337929036312348,-8.142136979955545,-8.806581468334874,-7.475796324955207
21100.0,-8.050356140890287,0.569058909028812,-5.939290252452968,-9.969982594072805,-8.047104329548617,-8.417751967985572,-7.675536924505802
21200.0,-7.906435078713992,1.8384215565501536,-0.24900425395479434,-15.851462755956327,-8.308530292873773,-9.118925385627232,-7.245426075659302
21300.0,-8.037044779165408,0.7984277698059775,-3.4755712747268745,-10.578837635936479,-8.065175870847431,-8.575954609251315,-7.5212259350768935
21400.0,-7.55913615108122,0.7231067279298704,-0.04171889785342228,-12.310621208408433,-7.570870445864149,-7.951147392118949,-7.22627384200686
21500.0,-8.646095976912257,0.7229229375099154,-5.310787243257074,-10.293696036812875,-8.638925404387223,-9.223871733737992,-8.129452228224729
21600.0,-7.662004373442842,0.8044183568333885,-0.22039338213621468,-14.940322667319188,-7.671639885715155,-8.160358318550513,-7.1766218323073945
21700.0,-8.249549462736523,0.780610851717274,-2.9511234095704597,-10.888253600571309,-8.273136903477642,-8.756471377996416,-7.807867937422563
21800.0,-8.590820721471271,0.6969869122784587,-1.9010694260965408,-11.593524234418924,-8.584059988351445,-9.107837163100264,-8.100027958340767
21900.0,-8.2764900735849,3.933654429197939,-0.09595321697665735,-16.2720825493081,-7.85421045146114,-11.511241704714163,-4.546006208833399
22000.0,-8.395422435329127,0.49811482907252347,-0.6145911485072069,-12.260976966406528,-8.390463463350113,-8.691108773830843,-8.104816733504599
22100.0,-8.301852513296518,3.923410108344089,-0.02561058097782686,-16.273583536886488,-7.874132224125383,-11.552887153115279,-4.559032765216202
22200.0,-8.895925410779384,0.6727012293146115,-6.109131896093893,-10.192063427787845,-8.96809181383605,-9.441666388620463,-8.464571331783144
22300.0,-9.160358120182567,0.6579871803116074,-5.434600282483936,-10.291775762439837,-9.339245453923493,-9.628305729460974,-8.898415919836953
22400.0,-8.044314912545506,0.897118121205092,-5.087524581006522,-10.258080481013634,-8.026765561455207,-8.692655463184012,-7.412672330921522
22500.0,-9.115138476321645,0.7008575879013818,-0.8906472803854004,-15.651029832378116,-9.22287314634281,-9.572838257152016,-8.789425860333457
22600.0,-8.195711640959233,0.7511109393726547,-0.24966163698401778,-13.523799392621852,-8.182653047296188,-8.70061609023601,-7.728132356311376
22700.0,-8.059875088948505,1.009235889817125,-1.2536178874601578,-11.635317214756947,-8.076712355902735,-8.792018579815874,-7.3465482160318905
22800.0,-8.195605936334807,1.0222178456252644,-0.3082334624727782,-12.107445159428032,-8.249991492773583,-8.989488550166596,-7.521069133605943
22900.0,-7.929445618383596,1.5449673589130422,-1.5513854252832127,-13.667702079113676,-8.08600961272531,-9.188241174185261,-6.859886725485865
23000.0,-7.494218205395153,0.8825443669045636,-3.8236007994064023,-10.163932661973703,-7.492113823383208,-8.19838702312784,-6.773741918244798
23100.0,-5.660920358882096,4.3247164317715665,-0.12603859065875625,-16.247091619038567,-4.390389352934049,-9.312558026344078,-1.65753791894874
23200.0,-9.126646342319377,0.6663781981128482,-4.472414929342161,-10.951508138743234,-9.285527334875963,-9.626604196167374,-8.78459517567748
23300.0,-8.883137438371985,0.5022665939308397,-0.25165780964927364,-13.095310745683218,-8.928187354468879,-9.138024786523236,-8.677485223250741
23400.0,-8.049149958787574,1.0471692144204894,-4.061308920010703,-10.703645340368467,-8.138472027331275,-8.795250786174698,-7.450158122541876
23500.0,-8.2250759377654,1.0377692328742139,-3.8193841187343454,-10.686852453601109,-8.269737092855419,-8.970270433310187,-7.650575788709688
23600.0,-7.859847445972149,1.05123944706218,-0.6414279249500467,-12.877451925490506,-7.8845042047608445,-8.572040507477988,-7.205958250728198
23700.0,-9.36651215502905,0.416101311403074,-1.1798424520309698,-13.012588300250858,-9.401861315837738,-9.59405408360093,-9.188874019648757
23800.0,-7.609869165738023,1.8297844947943038,-3.8287416610057745,-10.706859408277209,-8.073214092766904,-9.239974429776618,-5.870746628485284
23900.0,-7.704359634405853,1.205906513110221,-2.356851881580213,-11.296198183963465,-7.7344321213519995,-8.633094832923021,-6.841792713350252
24000.0,-7.497115118343846,0.745212608882119,-5.184812719500637,-9.898128016144327,-7.492345095495946,-8.026165243412564,-6.944303410223066
24100.0,-9.102349168353548,0.7295738700071452,-2.353224854855181,-11.79768375902378,-9.26564932483609,-9.6018727066924,-8.824032756869213
24200.0,-8.317492736585669,0.978484898308736,-1.8968847664787145,-13.473961220080104,-8.35778014569858,-9.06949832398737,-7.671512298599023
24300.0,-7.440986087799519,1.4988536260324405,-0.43603329487572184,-14.261017783676806,-7.470801789523713,-8.440259281241461,-6.642523958999709
24400.0,-8.559265750894696,0.7323822120388115,-4.2055369285598205,-10.317871735036851,-8.580197491374827,-9.111185077081522,-8.059632579671657
24500.0,-8.769137001726424,0.7348419232906631,-3.347534308968543,-11.999419461817176,-8.814805197146336,-9.35284101496335,-8.240417127560104
24600.0,-8.046384651621615,0.5874541331789446,-0.2697260504425593,-13.000086641184426,-8.030747104231684,-8.373114631130125,-7.704440478068067
24700.0,-8.31166672530804,1.0522625791052254,-0.907693755756147,-11.910259269651352,-8.417618118107942,-9.161860375677465,-7.56252952095055
24800.0,-8.207560989713958,0.4646531437984655,-5.138263147149738,-9.892595187662247,-8.211985910900239,-8.525794605644617,-7.902507935408558
24900.0,-7.601218656953762,0.42431896750425635,-5.423984394515878,-10.575231153100665,-7.578717813064005,-7.833608128477677,-7.334153669925802
25000.0,-7.394671490121585,1.5460592260207005,-0.03771589524471554,-13.47727390962488,-7.502277138858781,-8.2381647119337,-6.774647486382728
25100.0,-7.500361972286042,0.41622987565130837,-6.056898497246455,-9.891400741778977,-7.50022543303994,-7.794369118751035,-7.1986147033707475
25200.0,-8.930910485612625,0.44095136399910645,-4.945322970108244,-10.179549271142251,-8.945047926379544,-9.227223304507897,-8.639613254823937
25300.0,-7.812402096569998,0.9730967078015561,-4.508255687624442,-10.083981068860616,-7.818230691765976,-8.510484942076829,-7.120195351441853
25400.0,-9.079084420519237,0.6048240732950746,-5.719551254076738,-10.074701246849305,-9.187619104346918,-9.556610785267765,-8.713891579954424
25500.0,-7.4575823531913805,1.3263890671396816,-2.4835018513520373,-11.979975927096158,-7.471867284431299,-8.433262364803298,-6.541207714842177
25600.0,-7.917532962574974,1.5288372016311849,-2.97670334251343,-10.663511496860988,-8.234441411818956,-9.295628458281477,-6.646202883968624
25700.0,-7.11092110299451,2.288270160163776,-1.2658108433589492,-13.453222575785789,-7.022123251135632,-8.939787148143239,-5.55001603520034
25800.0,-8.503539836013791,0.8377463910181979,-1.7305685357987606,-11.504024898989448,-8.446521071647432,-9.230126689450216,-7.81975953538031
25900.0,-8.393241360455656,0.48769460084180727,-1.8985903064703926,-11.146704104902652,-8.394924324978692,-8.682609824633182,-8.094013019266923
26000.0,-7.573542463907916,0.4557750849242316,-3.753151924212316,-10.48159105182818,-7.537470282316086,-7.839314400198191,-7.276042269890699
26100.0,-9.100728482734732,0.48233375073276186,-4.601622759528629,-10.040837087328613,-9.124012367550906,-9.478989745029537,-8.771708993440475
26200.0,-8.090035462701355,0.9798722929724932,-4.003105148136075,-10.385492211933109,-8.114505330242888,-8.823586964708344,-7.4025482390058155
26300.0,-7.642788362360765,0.7072937857908634,-3.258306847072794,-10.446751164809035,-7.640944898023912,-8.06248245832558,-7.231330964261625
26400.0,-7.814126736363853,0.33880750623692885,-6.288313836209806,-9.429846321914674,-7.784724226388588,-8.019594590303965,-7.571076985528364
26500.0,-7.9504095791945435,1.1011871859771327,-2.055966144301301,-11.24605181368439,-7.953831458150434,-8.818082888114166,-7.1595885536969455
26600.0,-7.743772830901614,0.5909540244616202,-0.1980721547844073,-14.451844077841109,-7.755356877712569,-7.993356619616852,-7.532305768817388
26700.0,-7.501855204513665,2.3463649170662992,-0.015325388686038334,-14.15568336127335,-8.06409666888352,-9.171434451333004,-6.497540279395405
26800.0,-7.433452591268167,1.5842112245769902,-3.5857102124431672,-10.44146929885357,-7.528862293646975,-8.71049470195707,-6.3334875409622455
26900.0,-7.359184031580316,1.476770457957884,-0.7647444044090453,-11.913855275128235,-7.495396263440266,-8.159376578174466,-6.81121376285102
27000.0,-7.763214323841496,0.9557905640741282,-0.36057214862887577,-11.883355740058166,-7.728975928033707,-8.42853448275773,-7.1238695810898855
27100.0,-7.7502398632597576,1.6201678706790463,-4.472245519660328,-11.512510274199077,-7.932672940028912,-9.19536836132579,-6.279839020568791
27200.0,-7.042996685026736,2.2087923625592922,-0.5580404679560036,-12.013319255513176,-7.449096573036701,-9.016449027476515,-4.996298298394799
27300.0,-9.127885399208497,0.6251843139577967,-0.1891896636665156,-15.154830427350722,-9.214079608590392,-9.542444133738524,-8.831644902002399
27400.0,-7.5030748495372945,1.375106071749994,-2.6208651929433042,-10.790955967957116,-7.559122402297874,-8.588215119942191,-6.492862885665663
27500.0,-8.730794613238386,1.0947752574195178,-0.2603844957966109,-15.082349373690105,-8.982504838822363,-9.502693409015418,-8.213618928605104
27600.0,-7.4656184754271235,0.532334401000204,-0.4703839421580921,-13.50191077502538,-7.464768833505941,-7.729808763489897,-7.208530342937999
27700.0,-7.496465683888679,0.4899331748963403,-1.4972476764958524,-11.315516457552501,-7.4972113372698335,-7.816994230344885,-7.179020040751695
27800.0,-8.263425203673934,3.936816012180529,-0.37256651270318775,-16.27336503260359,-7.830926765729966,-11.527959330226842,-4.49420540806944
27900.0,-7.44419107332697,1.258357020974149,-1.6722138037161478,-11.061727460441455,-7.484769401575212,-8.428671107404734,-6.531029364784452
28000.0,-8.182064765978785,0.5555312379024925,-3.7269735360951977,-10.529034502235692,-8.143442773672067,-8.52585718621151,-7.816405961086883
28100.0,-8.404436043026529,3.8565886960707507,-0.30019345523992336,-16.27325254950927,-7.978205236286739,-11.61418260911903,-4.697223999080336
28200.0,-8.928392891732306,0.43358745973629276,-2.84105976298767,-10.618578507388529,-8.913538213649709,-9.210241402956854,-8.65803979782499
28300.0,-7.1938521603133365,2.0692844340701226,-2.367217390284798,-11.207140283105451,-7.5576935752075665,-8.804370314557133,-5.445120314355932
28400.0,-7.748279212042103,1.7086610969689762,-0.42366853499734225,-16.161639153541316,-7.988699487095866,-9.085337411001872,-6.686411838011464
28500.0,-9.22567523447739,0.6375954865955092,-0.589098905498428,-12.028257872429538,-9.362622286654968,-9.648162552148936,-8.972780663182661
28600.0,-8.517601653309443,0.8773746529824688,-3.8321658617384613,-10.571439907376268,-8.56242914183786,-9.242556918534257,-7.894038194639927
28700.0,-8.338803153454004,3.881894290284254,-0.6125408368951232,-16.273262091466407,-7.906309400511413,-11.541429656534264,-4.619695308255545
28800.0,-5.93005632030505,3.0551382800241034,-0.5739336880375051,-14.519909509954836,-5.75176324548024,-8.334733633366428,-3.1649616047530285
28900.0,-7.4637489460751585,0.6654704705228448,-0.882598899982503,-13.500296262318399,-7.464736066146871,-7.879763707675006,-7.055080299650358
29000.0,-8.151700854116525,1.269448451634258,-0.9942943704809445,-12.151958640616098,-8.294002033379329,-9.198858472990791,-7.287530898295819
29100.0,-7.994321792577162,1.5170520530530442,-0.14472546816440834,-15.843269825324423,-8.118151663743028,-9.175950140977012,-6.928049206055319
29200.0,-8.510075600542844,0.6982241326764128,-1.2589700329918154,-11.477163784605343,-8.539035714976567,-9.003555607234015,-8.071692430647918
29300.0,-7.115554907940849,2.1277095980326095,-0.2067002757536977,-16.23143487410667,-7.219124931573268,-8.617357861383184,-5.847982130768432
29400.0,-7.664568994908908,0.3740701527746377,-6.3614607232096105,-9.655977143134692,-7.627918464636133,-7.860665451316128,-7.4187212698855705
29500.0,-7.697244186249383,1.7276561497900442,-2.2546732399331386,-11.824102558161387,-7.915445020970745,-9.08321002484948,-6.510436017542753
29600.0,-8.74579732943205,0.781174260451069,-2.1086670452157463,-12.292487175168924,-8.821416708965772,-9.38111164392909,-8.21068802876761
29700.0,-7.4883866359083,0.8434667536956462,-1.3804869958855472,-12.286326031563428,-7.527951868594585,-7.933058777236949,-7.111967116108652
29800.0,-7.499698094887669,1.4600848345558737,-0.287445837605013,-12.59946654941333,-7.539296858885198,-8.655750833123594,-6.457279890558743
29900.0,-7.867441480342372,1.4396763041196006,-0.06287607902368397,-14.010209500818748,-8.027406952590187,-8.9001788056121,-7.0671832328041155
30000.0,-7.3048795508708295,1.9845638121588147,-3.0011317417215158,-10.763826306632748,-7.557812924956674,-9.20045207731926,-5.418766585586305
30100.0,-9.477400382054109,0.3680086351776304,-1.3644599752276876,-11.413176029178869,-9.54359063785052,-9.722271699085061,-9.303278191606593
30200.0,-8.890057480552352,0.6356192377206739,-2.73412220717782,-12.01601216279701,-8.94404360693165,-9.340331953120874,-8.510262570412628
30300.0,-8.504008329341142,0.9912538481301468,-0.778204747040919,-12.226751124094584,-8.622821957078255,-9.28605826146261,-7.836596886072686
30400.0,-7.553192902898116,0.28866775004420675,-3.540301143492015,-10.738914959521866,-7.5446849823484445,-7.684920337609166,-7.414271682516458
30500.0,-7.6101268063318015,1.1447778414772745,-1.9204285652599908,-12.188660423329202,-7.638873351014256,-8.281243180052414,-7.015235174396607
30600.0,-7.730674963517126,0.6994894608066613,-4.5539102114396615,-10.01740435890724,-7.690185934563772,-8.14845869227619,-7.284572196608649
30700.0,-8.220302528019017,0.6659349247087362,-6.429201364450207,-10.005000154143254,-8.18537626164205,-8.682588061544818,-7.738729508792022
30800.0,-7.95030570530584,0.7984980260140668,-1.9809515869183552,-11.274906567137053,-7.912978381295544,-8.422087195814518,-7.467604671926061
30900.0,-7.885706472867535,0.36935391594813366,-2.359725018171335,-11.136125043137596,-7.887403033563917,-8.084772005462302,-7.691836839310538
31000.0,-8.381926934657121,3.8682359468141443,-0.38945545536521275,-16.273234232249447,-7.9576536721571465,-11.58225076559839,-4.66993063992684
31100.0,-7.303682643726596,1.8604585245072078,-2.7875822530785315,-10.839035653636728,-7.570588425400059,-8.883145584108128,-5.790485048293856
31200.0,-7.237052385892303,1.9769010448481652,-0.11368159763543208,-13.74170413928489,-7.366563284235543,-8.752496620769366,-5.859290495143633
31300.0,-6.619555272421168,2.418118990846052,-2.198459929242612,-12.2403244617996,-6.565046949096299,-8.591948518027642,-4.55421120973114
31400.0,-9.560378645983215,0.28289133704397984,-4.873991506208288,-10.20303244407656,-9.613645773762439,-9.752474618376889,-9.430167184168852
31500.0,-8.338524530518221,3.8928188272186004,-0.5983625891567582,-16.2715562120003,-7.901411851500361,-11.546283423676245,-4.603601576791828
31600.0,-7.824918718948096,1.0673127183148516,-2.268784849276324,-11.20756502792048,-7.826703807434752,-8.582255751152696,-7.072243991784863
31700.0,-8.351881991259281,0.8264562406913922,-5.724481583663504,-10.214895786578639,-8.378063612277021,-8.966527260717069,-7.759814070360912
31800.0,-8.927702722404048,0.6874453061920912,-3.2552232172274826,-11.649886546661348,-8.97541360573674,-9.476626361793901,-8.47417227596338
31900.0,-7.731324588850596,0.5927573077533915,-4.880370204074138,-10.106603462653116,-7.740119982251457,-8.147797014794266,-7.300787511220689
32000.0,-8.924220391728397,0.7255730693172179,-5.08551077285372,-11.171724351607937,-9.065531509157683,-9.500653904667782,-8.514212737543579
32100.0,-8.530662013300013,0.9802949670230302,-0.024703875835670956,-12.708471073158881,-8.652378486172609,-9.276205497618822,-7.946146441063462
32200.0,-7.840132375439682,0.6174747017376709,-5.500836506778414,-9.904996462278813,-7.849522178507261,-8.25595441728206,-7.4420967362538315
32300.0,-6.6412159864640445,2.600965774832016,-0.39473323288757023,-13.529591803402777,-6.848212177284698,-8.792196044858347,-4.629204226727424
32400.0,-9.53091656088907,0.5087575618868684,-0.4673015055839544,-15.321742700796658,-9.616007057211148,-9.754955510869229,-9.414339138804964
32500.0,-8.478088232695304,1.0343288514314866,-0.07173724408191924,-15.231310776752396,-8.574903693546904,-9.207132085485739,-7.925509680002364
32600.0,-6.555265267727038,2.6506483781415047,-0.2905680309837486,-15.529268185266814,-6.660068203012248,-8.672944875106037,-4.0973927855588235
32700.0,-8.184365926213404,3.874963390662671,-0.21881824843937506,-16.273491881998307,-7.719178261066347,-11.288886042401403,-4.538854074577283
32800.0,-7.5994235141188415,0.33117348724430695,-6.142543220647719,-10.196346882143608,-7.579628215902824,-7.813615613110031,-7.376732203163919
32900.0,-7.681755849801577,0.7704197757687864,-0.01655958647894865,-11.926840263373604,-7.727206980180204,-8.20585691893977,-7.192347837184863
33000.0,-9.267145278347341,0.5234776278175766,-1.3273525832574182,-12.053214527859936,-9.36748196339735,-9.645788762516712,-9.005719938153662
33100.0,-7.424189381694152,0.9795660923827862,-0.5976462078902275,-12.317892796009822,-7.465748329226832,-7.868946234152827,-7.058080881626317
33200.0,-8.484341424552479,1.4520553582102496,-0.547244886519258,-13.029996100906423,-8.989998366608589,-9.495838072807405,-7.988874823573077
33300.0,-8.001173798760464,1.0341163639872244,-3.015080365999085,-13.109401337557527,-8.034627841762866,-8.709601065836026,-7.377668660148812
33400.0,-9.21906881967342,0.5844018179105639,-2.1195557851507765,-12.686303606919694,-9.341948985777167,-9.635420084454687,-8.93869490011243
33500.0,-7.485074703858135,1.7962065328365633,-2.210951973876089,-10.99204152994631,-7.677375260173898,-9.224851070665732,-5.77557013804279
33600.0,-7.894784442661235,0.4594046600496465,-1.6447112341702157,-12.337594639011414,-7.888732155169479,-8.156048933274903,-7.621643002138699
33700.0,-9.151671629560285,0.5788290696520808,-0.22028898502356953,-13.229078524646129,-9.226896981363465,-9.56241261073221,-8.838075082711171
33800.0,-7.878889504605498,1.4082592994063075,-0.5462423815810727,-12.724290416616046,-7.995147188558951,-9.147856892107677,-6.628899238637487
33900.0,-7.709339867169806,0.9441046126133901,-1.4083022442102218,-12.513135947834426,-7.671818734465705,-8.342367544673703,-7.070665401895575
34000.0,-8.204964515252977,3.9724262987295003,-0.0249419178314424,-16.264337855471442,-7.733040962513394,-11.487506999667492,-4.439157403423019
34100.0,-7.768682030837083,1.4113135264941763,-0.3042307304629616,-12.878530247379791,-7.864029416314612,-8.951618751726786,-6.712995282076679
34200.0,-7.4669806499219336,0.39323259705327873,-4.322459924161652,-10.185161244158309,-7.4650457827401056,-7.674911378995595,-7.257250150526099
34300.0,-7.557262309103244,0.30270993410847885,-4.010062631556409,-10.280718995869643,-7.5386779172090925,-7.713125905083494,-7.377572553518103
34400.0,-7.842484749698697,0.700080908311548,-0.21446044836606082,-11.75718452996025,-7.8802638485350744,-8.258477245905146,-7.49150479408858
34500.0,-8.205003139610882,1.1195079813030853,-1.1639130519062135,-11.786271504893815,-8.199684294571872,-9.147093711591916,-7.247754993938584
34600.0,-8.308687257561104,0.9744954507580242,-0.11181895579099672,-12.16379952471569,-8.369169665746712,-9.016674945053097,-7.704259102771713
34700.0,-6.941702052697155,2.256095246563788,-0.4273824298582244,-11.953638255126744,-7.513153127003964,-8.793535515384587,-4.6854354134347025
34800.0,-8.515025988718868,0.7554135834451838,-5.418424460472538,-10.63124119822511,-8.490873022240443,-9.04983009374023,-8.006191747668462
34900.0,-8.726328682064286,0.5949378958238272,-6.498962513126416,-10.20754334638594,-8.70016168935617,-9.15876880195371,-8.316526103510917
35000.0,-6.094748146834007,3.0711545130832825,-0.02118946868950225,-14.589415034607056,-5.496241859745349,-8.564941746561082,-3.420800399150095
35100.0,-7.267244125219198,1.8407882536980285,-2.657419063213483,-12.093130958681753,-7.26411254755527,-8.75214364271218,-5.779699248855339
35200.0,-7.2870107646302555,1.9718398075065557,-0.018461877079915305,-14.639353417688234,-7.457535583271812,-9.114213727029878,-5.433235806385527
35300.0,-8.381346333086503,3.867699850593676,-0.29205357537704746,-16.270185938509538,-7.967821858439672,-11.57233803823294,-4.664292317589894
35400.0,-7.455628088940757,0.9397977825387726,-2.8688864524402558,-10.882767015620082,-7.464968576011978,-8.130610512767475,-6.809779898872101
35500.0,-8.80880317001391,0.7370508659615879,-5.196151133440523,-10.397377141519227,-8.925697355381583,-9.341463159997907,-8.436687672122908
35600.0,-8.371647802669093,0.6266914894159104,-3.395486344202565,-11.526120572969294,-8.369842813056344,-8.718563336725174,-8.031505653402807
35700.0,-9.22176579706681,0.5107728272617299,-1.1743873533936489,-12.467184411583867,-9.278493509965104,-9.589661915003836,-8.930951852576072
35800.0,-7.477102589603932,1.0154422642494563,-0.10956882825764741,-12.561274051867157,-7.477197674691483,-8.153095627562578,-6.823487681590104
35900.0,-8.75905525514071,0.7014356230215747,-4.139177921948876,-10.678849675640809,-8.827795016006675,-9.315321332464787,-8.279381908050357
36000.0,-7.776790015104173,1.5206431256018613,-3.3067519458073815,-11.92633371870674,-7.681648459206317,-8.996679409985681,-6.558523230298345
36100.0,-8.147857997285001,1.0531117953143139,-5.580169284778799,-10.709490804746494,-8.014164784062674,-8.977694750674535,-7.335234804105548
36200.0,-7.846919267471222,0.9023597383551337,-4.159859200978957,-10.613370140714983,-7.843833956491737,-8.500484397386682,-7.17313441468035
36300.0,-7.294959532138471,2.0151068279576796,-0.42595324109357224,-12.475919032308946,-7.563238922479311,-9.184333135189467,-5.392079195862008
36400.0,-7.578625564940824,0.84981299995048,-2.8338522930478485,-10.953371942829294,-7.5236385796019345,-8.081821474307343,-7.007410242504406
36500.0,-8.69589363852261,0.43237757927059395,-7.107338807419385,-10.005892507334378,-8.658681586648495,-8.979332506432721,-8.391172902348421
36600.0,-8.843200033204225,0.42283588165606334,-5.9382746338757775,-9.883547909548621,-8.850925768594474,-9.126707516430967,-8.564560173920697
36700.0,-7.850624475581343,0.7400384950936058,-2.7222728086776526,-10.589969240825903,-7.891228150216582,-8.36442162055135,-7.341831679219684
36800.0,-8.610707168727615,0.7092864918636839,-4.489217703840588,-10.0574869282235,-8.614163687594058,-9.193133988863691,-8.029159103303481
36900.0,-8.02871069499223,1.2066960578450738,-3.945252064428665,-10.92411280625086,-8.13035202570288,-8.893715118380674,-7.419709590923651
37000.0,-7.834474199496799,0.811400702449486,-0.20277221520618,-15.221150726302438,-7.819673067109117,-8.299859657476208,-7.362576251517038
37100.0,-7.521825599433914,0.7372954370878996,-2.7458793219235598,-10.910922470130144,-7.523714442384522,-7.930053038440138,-7.124410983668877
37200.0,-8.670373493173722,0.7612687873407888,-1.2681306914376897,-12.110616647806912,-8.721751136028232,-9.180109836424133,-8.259209391289234
37300.0,-7.567885846200415,1.255716154502285,-4.422247369355153,-10.14292433435832,-7.5700592639307995,-8.606471954598131,-6.551319913043914
37400.0,-8.138078249447371,1.3285214583594165,-1.68778408551724,-11.520919647983607,-8.334359417448399,-9.25069426115213,-7.186260045861024
37500.0,-8.984448167178048,0.7765770283904475,-1.2773396213281376,-13.077372818822418,-9.144422784501263,-9.55157844114091,-8.584535296904809
37600.0,-9.258814868990376,0.72846124748385,-0.46156129104888355,-12.723499273384174,-9.41635123978285,-9.660299411022807,-9.080782758836536
37700.0,-8.446703212078667,0.9569254368163056,-0.5249650103075746,-12.242650122027014,-8.47426849989034,-9.207578937071698,-7.830297785628346
37800.0,-8.369502226984583,0.9726894568680674,-2.2481125191158653,-11.944979244445006,-8.386086240872402,-9.16273124284021,-7.6363912439631205
37900.0,-7.5997996584163685,1.6222272449653257,-3.448687410602892,-11.359137701897994,-7.737287698549768,-8.969117311157703,-6.339262961344776
38000.0,-8.157553910909444,1.3188605680219272,-0.4893552295766244,-12.426863872897098,-8.325416219973796,-9.189862522392431,-7.323656055877858
38100.0,-9.295900466613853,0.6126951921772592,-0.12739800806780285,-13.488932764239859,-9.410169870649474,-9.662563674539594,-9.07089842169197
38200.0,-5.455372130844438,4.372725104640379,-0.010194590522516723,-16.262610688157476,-4.128155302635587,-8.758608422474268,-1.7204720502315207
38300.0,-9.31168641063067,0.5822111266990682,-0.02137793191705694,-15.65365899185277,-9.348968460172049,-9.572896525617764,-9.137088635902348
38400.0,-7.08923890189582,1.9972858501306796,-0.1943310327716756,-14.948381724753927,-7.482903788398852,-8.090813987131046,-6.512589591982884
38500.0,-8.321998341649001,3.900399560703112,-0.762869057289431,-16.26708349294284,-7.873898819080177,-11.543080560214921,-4.57021343964543
38600.0,-7.332245244983124,1.6804568108396154,-2.0370864297928457,-12.170186913965566,-6.992525273294224,-8.700125860758469,-5.941846337568596
38700.0,-7.797023184071282,1.0153634674284455,-2.0923315650617575,-11.838193473310138,-7.728616623387769,-8.534747024154532,-7.07213770822445
38800.0,-7.484239330796639,0.7609799203875185,-5.142114400434965,-9.899725296184654,-7.471551714000704,-7.855365781304744,-7.098974353711813
38900.0,-7.7501802386493015,3.88272485106414,-0.23847211796570347,-16.271478722644627,-7.14941565318815,-10.622108012892475,-4.401935191855973
39000.0,-8.620903391046665,0.640450857839756,-1.471167362872903,-12.03852446153437,-8.660358964132369,-9.067338379773268,-8.210983196704147
39100.0,-7.330969549523046,1.9001712163474012,-3.6691626013008753,-10.509281772636582,-7.652010084579161,-9.008544582658331,-5.527035209692503
39200.0,-8.749232170532173,1.4040605647386404,-0.10539510932438689,-16.05789728294246,-9.052703468220724,-9.503280952796132,-8.45196003649252
39300.0,-7.876823320450506,0.9001263058049604,-1.6169631700032256,-11.5537814319456,-7.8163088091841875,-8.430377441097832,-7.279065258445798
39400.0,-7.509564760894841,0.40682860902748047,-1.5715369018688778,-13.696493649308822,-7.500992023556991,-7.697056760642814,-7.3201232122264095
39500.0,-7.543506365098413,1.8701703807956844,-2.401804493637264,-11.35567773800595,-7.975806868468471,-9.184431590945401,-5.9067486719584235
39600.0,-7.713702391608074,1.5219447488030844,-0.5326168965014879,-12.03976106743898,-7.802798913430592,-9.14660252346961,-6.446487359234406
39700.0,-9.253017523342765,0.45094325010094566,-5.681067021338801,-10.140751692533723,-9.308770879819694,-9.618217843838405,-8.966087028919452
39800.0,-8.350703882468707,3.8878670806189066,-0.13367895217875497,-16.273197856045172,-7.922786647662626,-11.567269390162991,-4.615716393974272
39900.0,-8.503581534144718,1.0625058164404375,-1.6750194568048682,-11.861054798370692,-8.707660069211789,-9.354912071326194,-7.82616055107655
40000.0,-7.48296726881773,0.7542355146210555,-4.016048062019537,-10.591783163645786,-7.479759728086199,-8.08204109196381,-6.864450015265078
40100.0,-8.32461303134595,1.1461210154448112,-3.0699527370231765,-11.179212469270734,-8.497921124308204,-9.247753337564719,-7.5397862498901205
40200.0,-7.519983958377511,1.2269394079069844,-3.3510420595355064,-10.652052601875841,-7.520609885520075,-8.57012699131464,-6.4559788058275
40300.0,-8.735172703846695,0.5819749853846863,-0.4769528220235413,-12.339098810705268,-8.728834573292088,-9.100305884194494,-8.388095602440016
40400.0,-7.585684664243457,1.4332529485213448,-2.942325332395875,-10.921235550527442,-7.688194675472341,-8.71791897389378,-6.589834111192064
40500.0,-7.516231211759291,1.5737403509911547,-1.3389603662784042,-11.712604540921344,-7.535035874104821,-9.060364362006403,-6.007632187328826
40600.0,-7.739948563664815,0.3497120879914511,-6.753424779888348,-9.16853508883912,-7.720090855404885,-7.9629400345356,-7.497425058732437
40700.0,-8.376149116120505,3.880933774082321,-0.06255885998928641,-16.271813314058395,-7.950175782429445,-11.616301817700617,-4.661716930214746
40800.0,-8.384535972574502,3.86849507398477,-0.008624442778304915,-16.272457830259523,-7.935553383122178,-11.59997273742643,-4.648700426729691
40900.0,-8.42051540808246,3.84712602850615,-0.23088306166260764,-16.272764429603573,-7.991502181335589,-11.618761463535037,-4.725097283813559
41000.0,-7.517749250817207,1.287515357232495,-2.9004960336239307,-10.956243799824387,-7.5251692762639095,-8.50402795947848,-6.580724730866796
41100.0,-9.442408519061999,0.5265067550371741,-0.15190160633693411,-11.914915191143761,-9.530842337319484,-9.719469145553502,-9.28491528811556
41200.0,-8.393515920844766,1.060737261287985,-1.813648924589811,-11.89034095709285,-8.505547548886344,-9.217931060198435,-7.742556482034736
41300.0,-8.25014382647235,0.8251582735008711,-1.1083742156015919,-14.717497315967936,-8.215447319621138,-8.757737399421698,-7.753854929339166
41400.0,-7.811427192719383,0.6211274983772478,-0.005871672575196921,-12.837927100933868,-7.811982344272108,-8.14516989259445,-7.463073365300081
41500.0,-9.399744398690022,0.40872070101502955,-2.386111023479717,-11.352930218546174,-9.447473057735303,-9.665526706827638,-9.20680047684426
41600.0,-7.98266805639891,1.1457230796656706,-2.208414867390527,-11.71003576559191,-8.014907446094327,-8.907177081719581,-7.140967972935016
41700.0,-7.953734300575014,1.5770579129703892,-0.05937670447216279,-12.92647656892964,-8.374060815037023,-9.104129670218077,-6.851336449791936
41800.0,-7.839178150891466,0.5636847490965684,-5.052534631840385,-10.216063734251414,-7.84305843480932,-8.194030220810998,-7.478982480188664
41900.0,-9.368391298591137,0.4621190920283266,-7.0614087155318765,-10.018995672698678,-9.49892679903767,-9.709931843566505,-9.167360535039407
42000.0,-8.651745435825124,1.0421472459890635,-1.7979838020354861,-11.922665982376477,-8.86923030326638,-9.423095616617776,-8.128797269701584
42100.0,-8.247525750773807,1.3966207225229699,-2.259533819035927,-12.150710430537957,-8.534485932913359,-9.291371317130391,-7.50732003832048
42200.0,-7.797275952361434,0.6461732522870389,-0.7987810635554774,-12.329838744193086,-7.7623530038843755,-8.196388797499857,-7.369797867451979
42300.0,-7.692185128919212,0.38753716474105515,-1.401449646941944,-11.935066015793351,-7.693935498631429,-7.914963399846881,-7.448605898790603
42400.0,-9.248953018762137,0.6003830412703525,-0.6027888518507833,-13.763175507926169,-9.363422504357713,-9.647406955405238,-8.984845520784114
42500.0,-8.614560804564503,0.8324062658299922,-1.988694572216087,-11.47221071680138,-8.627376638382206,-9.283432648712395,-7.989983617310523
42600.0,-7.096703671253319,2.1463116394399506,-2.764436723338007,-11.209424441426657,-7.490119971663697,-8.843974398029937,-5.104550660081689
42700.0,-6.717226302379262,2.3560786616342746,-3.266707347264383,-13.049742803691064,-6.029478432159534,-8.574653761871623,-4.676337166137679
42800.0,-7.486475494751634,1.3426413784520617,-2.2262108109259984,-11.819749396423497,-7.50190072331783,-8.685922292066286,-6.329678306170361
42900.0,-7.442412073675978,0.5600862653428933,-0.3852987484216101,-15.294401560624197,-7.459255153695221,-7.603379680444206,-7.3155906038388006
43000.0,-7.832738657557452,1.7114560390974096,-0.04215626931503186,-16.08144933512204,-8.072457162244387,-9.168957644061981,-6.694164027619094
43100.0,-7.817164852782604,1.2176580717111467,-3.8707616732332095,-10.721709710854345,-7.857348293516968,-8.76564071775833,-6.9512376522976265
43200.0,-8.665546844852193,0.9345638551481534,-2.718221334493821,-12.147887949489384,-8.821999577514884,-9.409305877879778,-8.103148015409
43300.0,-7.5249204418365725,1.1393805219807043,-1.5830472470833976,-11.25346172252521,-7.504067913825724,-8.372379500549412,-6.6617122756506815
43400.0,-7.479328622728095,1.0778957823569382,-4.409374384449783,-10.149142309092033,-7.494112472397916,-8.358647072335954,-6.61535746095328
43500.0,-8.145015609841925,1.3433806738297893,-0.1808597719751338,-15.980594825796082,-8.28542633439146,-9.163281280799193,-7.255053997165076
43600.0,-7.528540387391986,1.561685568191693,-3.2604486102662533,-10.523908553775241,-7.553395488029073,-8.98496490856439,-6.103967652796409
43700.0,-8.346778981625336,3.855237218626121,-0.4810437845988929,-16.27339089612141,-7.939720413801714,-11.485773835660439,-4.65730904884514
43800.0,-7.724513721933044,0.8957124597282491,-0.7034340701586116,-15.154457796016322,-7.716027665856336,-8.291654876502603,-7.170269687737834
43900.0,-8.730694148535724,0.7082944199975193,-0.017688812808448442,-13.523616719783416,-8.752610213912202,-9.186370905684672,-8.331177624463747
44000.0,-7.51740705132879,1.4024039626311322,-4.107190230320058,-10.48215844902067,-7.519104603884559,-8.886225216873248,-6.162796630291311
44100.0,-8.158802074571373,1.0471753607740402,-4.242468491929471,-10.476277424175123,-8.186865760994412,-9.015946810828044,-7.418064649063857
44200.0,-9.167701038172929,0.5671325773944909,-2.994901500071092,-11.455001796176893,-9.272598514427024,-9.600426477997443,-8.847924783493784
44300.0,-7.497189898414993,0.709955905789989,-5.395344835969356,-9.711203960845264,-7.493257621998642,-7.930836195457406,-7.049060845042568
44400.0,-7.5330581075662195,0.8326605363956958,-3.3264804229652625,-10.600354597464575,-7.522391533962363,-7.948394697671805,-7.1129533250700945
44500.0,-7.742427275468466,0.987359915177558,-0.056275271830927925,-12.95334970329804,-7.764595838193436,-8.361302541513929,-7.173897047681681
44600.0,-7.470839727509851,0.5971770681205211,-4.817551692942028,-10.229327796565517,-7.46492421423565,-7.895721368329946,-7.034846738314657
44700.0,-7.478475521910655,1.4497219576428968,-2.0728299093950673,-11.034519714829177,-7.520805205143571,-8.826455452635876,-6.180187122062565
44800.0,-8.062133170783811,0.9489980402424143,-3.476914092028917,-10.546764257528283,-8.070632187768837,-8.774412839853252,-7.380119637182563
44900.0,-7.497225946060427,0.12556249800547273,-6.785250888831343,-8.187728891239324,-7.490173813859135,-7.566787537805577,-7.413036395089691
45000.0,-8.288173251212715,3.90787593403991,-0.23567327282976458,-16.271159090331526,-7.861728362412273,-11.511218299989654,-4.583711293401523
45100.0,-8.200158431541132,1.0064823735551782,-5.9772771201443,-10.118842911186979,-8.214750441673381,-9.082596292876445,-7.3199284806525124
45200.0,-8.268820104328631,0.6814035101548741,-5.34805846503689,-10.052885128034445,-8.303555516639094,-8.718380694572959,-7.844361629336496
45300.0,-7.470679672130029,0.5370511651438684,-0.28205028060447274,-13.257958662428651,-7.483909341953047,-7.727340080932123,-7.248109551069813
45400.0,-8.32844022055143,0.5648445011096394,-0.5707535576089369,-12.21014807932169,-8.2931298166835,-8.655337295106973,-7.976032495167663
45500.0,-7.465639282605564,0.34946550396941056,-0.019362111825675352,-14.445735605044165,-7.470568494737506,-7.54542113368345,-7.395980079635178
45600.0,-7.468695240376622,0.7241705123673698,-1.9618749128187418,-12.735953954059225,-7.4669428661940795,-7.905684359642211,-7.024267973390931
45700.0,-7.452217288166588,0.4312088604652859,-1.8881234584854583,-12.648052590463179,-7.461530207929963,-7.689090528114017,-7.232870659696166
45800.0,-9.126372075156093,0.5903734086503618,-6.446418191565387,-10.21338783269045,-9.248761583471275,-9.590446504085202,-8.781651312105065
45900.0,-8.444918494026403,0.8079639134723114,-5.002367894031517,-10.130186867726001,-8.496683019396427,-9.070112403215608,-7.89985560782159
46000.0,-7.641816721079178,1.641870373138251,-3.5966292302492064,-11.20888279997478,-7.445862426958247,-9.00793597991639,-6.3531217013876224
46100.0,-7.480283341836889,0.40565707533544815,-3.1219686838070944,-12.703281932331125,-7.477757069381221,-7.652066295331416,-7.306530950029725
46200.0,-7.0047089118932515,2.069580251590775,-0.28469032601733846,-12.571403693116052,-6.7805866664332415,-8.700092551031192,-5.405870946319669
46300.0,-7.272137157424851,2.0141800068923037,-0.9209379088678268,-12.284505218529631,-7.577543504457922,-9.115869056405604,-5.261466021580487
46400.0,-7.461363112399129,1.2529565058633167,-1.081047299788576,-11.639914932603348,-7.486676114688889,-8.253786323785196,-6.730592781473895
46500.0,-7.475691402846893,1.837271273614455,-0.341852863402365,-12.658274367304443,-7.778675781484921,-9.1244351305205,-5.880523871133431
46600.0,-7.500411697505026,1.378865915527374,-1.059930333412255,-12.129455806630318,-7.568850298858749,-8.471325672305031,-6.644307818426604
46700.0,-7.471609397565968,0.7913767474175368,-1.177945513938245,-11.868359624512511,-7.473460728507963,-8.161975562821896,-6.78637260784587
46800.0,-7.456075395043102,1.7787858393231504,-3.233075483698952,-10.819005231439528,-7.73547086731681,-8.97461511472208,-5.805856348783925
46900.0,-7.771281855631468,1.2565960563917367,-0.3108330106818735,-13.795255866143725,-7.849269088072557,-8.535695676504643,-7.171429092618148
47000.0,-7.574205011445548,0.6931748675844855,-5.534484009328081,-9.86206972331279,-7.568204364206139,-8.035922139618751,-7.077996694155859
47100.0,-7.801100036292868,0.5504681011643856,-3.2774992742899163,-10.762406759963724,-7.784373677160938,-8.12201111490794,-7.457610768755661
47200.0,-7.606465415599622,0.2600411534674413,-2.9524406356969175,-11.024176492964703,-7.575883152749654,-7.719158905336362,-7.460240058408338
47300.0,-8.091525697303364,0.5929447016290762,-0.12194257058178717,-12.767906443684941,-8.013560770651608,-8.33511566724087,-7.7626819702680265
47400.0,-7.679251303967518,1.0225486932612977,-2.2972644827066606,-12.605942551237238,-7.660981476132196,-8.366756364919635,-7.009210520903703
47500.0,-7.515656408806573,1.0609199370975573,-4.638455327266055,-10.050650107523909,-7.502288841284049,-8.119533279587925,-6.892055738776191
47600.0,-8.014569357456395,0.8641184828659969,-5.069281883914608,-10.206591361668986,-7.973859875256805,-8.58573432551846,-7.449816577668725
47700.0,-7.594976436980195,0.5961293489808267,-0.37764562010890657,-15.215657108584594,-7.586596469078918,-7.883635218194934,-7.298389968691973
47800.0,-6.42232784474139,2.6051075225643596,-1.04150069467446,-16.179689910291312,-6.355224877271151,-8.419824091895162,-4.147228088056899
47900.0,-7.888308126287708,0.8870256895277595,-3.38017177017734,-10.634850242724994,-7.894174521441827,-8.52426916482285,-7.262369411057879
48000.0,-8.122676777471252,4.014267488262306,-0.12280155495137096,-16.272309892539237,-7.614274131728796,-11.440279224139191,-4.343874634040921
48100.0,-7.684869861583708,1.4454632976191557,-2.0297915838540446,-11.354258010948287,-7.8043270489587755,-8.829010109080906,-6.739017425376005
48200.0,-9.040990078073754,0.45494703796936253,-1.43232098307506,-11.667557563916441,-9.00618641462388,-9.349830278285726,-8.743001482514114
48300.0,-5.965733756084648,3.2708286227725774,-0.07899260850283109,-15.528817735770653,-5.44361949386049,-8.570171492884418,-3.2549968620113963
48400.0,-7.470165641225467,0.8648184346312058,-0.21099768432015636,-13.734478213107083,-7.489720223788047,-7.940419178255788,-7.072844777087263
48500.0,-7.465006111239191,0.5499204956164672,-2.5529991672041255,-11.605232936652968,-7.464596971484629,-7.819108537092471,-7.109142718140804
48600.0,-7.479612904288163,1.7359435352674577,-4.527668958346207,-10.109158263846862,-7.564795362186738,-9.188270986922396,-5.79725944665525
48700.0,-7.6267954557218,0.38840382873237,-5.472122741808626,-9.874792436026231,-7.612959711916874,-7.885560879542213,-7.374582963469935
48800.0,-7.805903207210869,0.5701287608107577,-3.4501391708291123,-11.746281054134338,-7.8108738350710905,-8.174293701291738,-7.427457457471855
48900.0,-7.765256633519558,1.1120983988212259,-0.09080896279169094,-12.151055162101134,-7.7859454199813785,-8.553640103539575,-7.031777601744945
49000.0,-7.649051837191253,0.9810071956222965,-2.635412292057417,-11.588741768088472,-7.54934603370028,-8.350295025887128,-6.829956543135934
49100.0,-9.242145755264952,0.531688303660154,-1.2745886725509958,-12.407577487088943,-9.285578342323218,-9.56613359227915,-8.989486055430127
49200.0,-8.289785124859554,3.815284519796616,-0.40002451090593555,-16.273592870276396,-7.874603956456519,-11.325906534482103,-4.6916098093628165
49300.0,-6.860009119858779,2.3331546919503077,-1.987457949516137,-12.669516611995256,-7.025867098381278,-8.735132239621432,-4.898691356374392
49400.0,-8.641353879538261,0.7521772042740329,-1.953769860652357,-11.393231872409608,-8.683424951022843,-9.220494506884997,-8.150460914979186
49500.0,-7.593789783854196,1.6736198253186347,-2.720051623275983,-11.529265861776025,-7.350534662730908,-8.94887969518435,-6.281272902459353
49600.0,-8.64592723120852,0.3245769768660606,-7.328811736515523,-9.873460641096663,-8.642030835996525,-8.85231457631624,-8.428163922274493
49700.0,-8.353963269988254,3.884479410205671,-0.009386166062131497,-16.271229556988306,-7.940074479879914,-11.556600187270526,-4.629246557209609
49800.0,-8.081931253065262,2.149728140829731,-0.531579700289058,-16.266205962702944,-8.193597897375145,-9.255666632049955,-6.966659212204783
49900.0,-7.596382514805102,0.7175164422264977,-0.011195146856143347,-12.58333352958345,-7.6064240162161925,-8.035682088959692,-7.174813472522111
50000.0,-7.530699441335625,0.6716978027261082,-1.7615946734307801,-11.358726694274411,-7.5361032475162215,-8.004064096908847,-7.076910520536737
